{"content": {"suites": {"0": {"status": {"total_pass": 1, "total_skip": 0, "total_xpass": 0, "total_xfail": 0, "total_rerun": 0, "total_fail": 0, "total_error": 0}, "tests": {"0": {"status": "PASS", "message": "", "test_name": "test_book_bus_and_verify", "rerun": "0"}}, "suite_name": "tests/bus/test_booking_feature.py"}}}, "date": "May 18, 2021", "start_time": 1621346683, "total_suite": 1, "status": "PASS", "status_list": {"pass": "1", "fail": "0", "skip": "0", "error": "0", "xpass": "0", "xfail": "0", "rerun": "0"}, "total_tests": "1"}